arret_id,arret_nom,arret_suiv_id,arret_type,ligne_id,arret_latitude,arret_longitude
151,Dispensaire Messerghine,149,2,12,35.612300,-0.740161
150,Dispensaire Messerghine,152,1,12,35.612376,-0.740217
149,Messerghine,147,2,12,35.621000,-0.721343
148,Messerghine,150,1,12,35.621100,-0.721375
152,Hai Rabah,151,0,12,35.621226,-0.752309
1,Les Amandiers,646,0,3,35.676400,-0.678889
3,Piti,648,1,3,35.676800,-0.665003
4,Piti,647,2,3,35.677000,-0.664781
5,Maraval,7,1,3,35.675600,-0.652247
6,Maraval,649,2,3,35.675810,-0.649280
7,CEM Cherfaoui,9,1,3,35.679410,-0.642709
8,CEM Cherfaoui,6,2,3,35.679300,-0.643628
9,Mediouni,11,1,3,35.680400,-0.640529
10,Mediouni,8,2,3,35.680410,-0.640842
11,Stade Ahmed Zabana,13,1,3,35.681900,-0.636460
12,Stade Ahmed zabana,10,2,3,35.682110,-0.637284
13,Manege Hamri,15,1,3,35.682900,-0.634537
14,Manege Hamri,12,2,3,35.682800,-0.634341
15,Victor Hugo,18,1,3,35.684800,-0.630187
16,Victor Hugo,14,2,3,35.684210,-0.631088
18,Bastie,20,1,3,35.685300,-0.623739
19,Bastie,16,2,3,35.685400,-0.623647
20,Les Castors,22,1,3,35.692410,-0.618482
21,Les Castors,19,2,3,35.692000,-0.619050
22,Rond-Point Dar El Beida,24,1,3,35.696310,-0.614006
23,Rond-Point Dar El Beida,21,2,3,35.696001,-0.614511
62,idaa,64,1,8,35.696410,-0.631060
63,idaa,61,2,8,35.696210,-0.630780
64,Casoran CNAS,66,1,8,35.694300,-0.631876
65,Casoran CNAS,63,2,8,35.694900,-0.631116
66,Plateau,68,1,8,35.693020,-0.637665
67,Plateau,65,2,8,35.692900,-0.635882
68,Chakouri,67,0,8,35.690710,-0.642240
72,Lycé El Hayat,74,0,1,35.698910,-0.646996
74,Musée Ahmad Zabana,76,1,1,35.696002,-0.645622
75,Musée Ahmad Zabana,72,2,1,35.695710,-0.645480
76,Place Roux,78,1,1,35.692500,-0.644924
77,Place Roux,75,2,1,35.693488,-0.645034
78,El Hamri,802,1,1,35.685210,-0.640050
79,El Hamri,77,2,1,35.684889,-0.639620
80,Cité Emir Abdelkader,82,1,1,35.671100,-0.628397
81,Cité Emir Abdelkader,803,2,1,35.671400,-0.628281
82,Es Senia est,84,1,1,35.653762,-0.614785
83,Es Senia est,81,2,1,35.653928,-0.614764
84,Es Senia centre,86,1,1,35.648077,-0.622940
85,Es Senia centre,83,2,1,35.648048,-0.622620
86,Kara,85,0,1,35.636500,-0.623548
89,Palais Des Sports,92,0,9,35.689300,-0.648372
92,Chakouri,94,1,9,35.690420,-0.642379
93,Chakouri,89,2,9,35.690711,-0.642210
94,El Hamri,96,1,9,35.690910,-0.640382
95,El Hamri,93,2,9,35.690920,-0.640905
96,Plateau,98,1,9,35.692810,-0.635732
97,Plateau,95,2,9,35.693210,-0.636030
98,Casoran CNAS,100,1,9,35.694710,-0.631202
99,Casoran CNAS,97,2,9,35.695001,-0.631471
100,idaa,102,1,9,35.696220,-0.630739
101,idaa,99,2,9,35.697584,-0.630880
118,Hai Sabah,117,0,9,35.695110,-0.573895
131,Agence Bahia,132,0,12,35.680110,-0.613380
132,Cité Emir Abdelkader,134,1,12,35.671900,-0.629249
133,Cité Emir Abdelkader,131,2,12,35.672100,-0.628234
134,Rond point E.N.C.P,136,1,12,35.668200,-0.637595
135,Rond point E.N.C.P,133,2,12,35.668800,-0.635016
136,Maraval look,138,1,12,35.666100,-0.646971
137,Maraval look,135,2,12,35.665910,-0.646942
138,Cité Yaghmoracen,140,1,12,35.667900,-0.659003
139,Cité Yaghmoracen,137,2,12,35.667700,-0.658904
140,Piti,142,1,12,35.672900,-0.670893
141,Piti,139,2,12,35.672600,-0.670824
142,Les Amandiers,144,1,12,35.675610,-0.676667
143,Les Amandiers,141,2,12,35.675400,-0.676759
144,Hai Bouamama (grava),146,1,12,35.663610,-0.684342
145,Hai Bouamama (grava),143,2,12,35.663600,-0.684198
146,Hai Benarba (rocher),148,1,12,35.647100,-0.706634
147,Hai Benarba (rocher),145,2,12,35.647000,-0.706460
183,Hai Sabah,673,0,15,35.693910,-0.566720
186,Palais Des Sports,187,0,16,35.689920,-0.646040
187,El Hamri,754,1,16,35.685500,-0.640278
188,El Hamri,186,2,16,35.686010,-0.640598
189,Agence Bahia,191,1,16,35.679810,-0.613695
190,Agence Bahia,757,2,16,35.679710,-0.614262
191,Cité Djamel,758,1,16,35.696820,-0.602809
192,Cité Djamel,190,2,16,35.696003,-0.605009
252,Cité Yaghmoracen,253,0,22,35.669200,-0.658906
253,La Glacière,255,1,22,35.675982,-0.661611
254,La Glacière,252,2,22,35.675829,-0.661598
255,Sananes,257,1,22,35.686210,-0.650140
256,Sananes,254,2,22,35.686300,-0.650199
257,Chakouri,259,1,22,35.686000,-0.647626
258,Chakouri,256,2,22,35.686110,-0.647715
259,Plateau,261,1,22,35.692820,-0.635880
260,Plateau,258,2,22,35.693101,-0.635735
261,Casoran CNAS,263,1,22,35.694000,-0.631760
262,Casoran CNAS,260,2,22,35.694100,-0.632125
263,idaa,265,1,22,35.696420,-0.630715
264,idaa,262,2,22,35.696421,-0.631066
265,Les Castors,267,1,22,35.692339,-0.618488
266,Les Castors,264,2,22,35.691999,-0.619055
267,Rond-Point Dar El Beida,269,1,22,35.696181,-0.614136
268,Rond-Point Dar El Beida,266,2,22,35.696004,-0.614511
269,Cité Djamel,271,1,22,35.696813,-0.606667
270,Cité Djamel,268,2,22,35.697010,-0.606678
278,El Barki,279,0,27,35.680311,-0.601910
279,Station service hai fellaoucen,281,1,27,35.683410,-0.604696
280,Station service hai fellaoucen,278,2,27,35.683310,-0.604846
281,Station service naftal ( petit lac ),283,1,27,35.684211,-0.614640
282,Station service naftal ( petit lac ),280,2,27,35.684310,-0.614966
283,Victor Hugo,285,1,27,35.686220,-0.618415
284,Victor Hugo,282,2,27,35.686230,-0.618419
285,Bastie,287,1,27,35.688800,-0.623000
286,Bastie,284,2,27,35.688600,-0.622657
287,Hai khalidia,289,1,27,35.691710,-0.628359
288,Hai khalidia,286,2,27,35.691700,-0.628371
289,Casoran CNAS,291,1,27,35.693600,-0.631718
290,Casoran CNAS,288,2,27,35.693800,-0.632007
291,El mouhadjirin,293,1,27,35.694510,-0.636371
292,El mouhadjirin,290,2,27,35.694520,-0.636510
293,Plateau,295,1,27,35.696411,-0.640205
294,Plateau,292,2,27,35.696412,-0.640331
298,Agence Bahia,299,0,7,35.680100,-0.613336
299,Petit Lac,301,1,7,35.683910,-0.615417
300,Petit Lac,298,2,7,35.683900,-0.615436
301,Victor Hugo,303,1,7,35.685200,-0.619185
302,Victor Hugo,300,2,7,35.685100,-0.619260
303,Bastie,305,1,7,35.687210,-0.623887
304,Bastie,302,2,7,35.687200,-0.624164
305,Cité Chemin de Fer,307,1,7,35.690430,-0.632574
306,Cité Chemin de Fer,304,2,7,35.690421,-0.632637
307,El mouhadjirin,309,1,7,35.694530,-0.636432
308,El mouhadjirin,306,2,7,35.694610,-0.636650
309,Plateau,311,1,7,35.696422,-0.640233
310,Plateau,308,2,7,35.696423,-0.640364
311,Mdina Jadida,310,0,7,35.692420,-0.644873
314,Cité 200 logements es senia,315,0,30,35.647800,-0.649488
315,Tribunal es senia,317,1,30,35.649910,-0.625163
316,Tribunal es senia,314,2,30,35.649900,-0.625162
317,Université IGMO,319,1,30,35.660900,-0.631657
318,Université IGMO,316,2,30,35.660800,-0.631882
319,Rond point E.N.C.P,321,1,30,35.667143,-0.635518
320,Rond point E.N.C.P,318,2,30,35.667370,-0.635901
321,CEM Cherfaoui,323,1,30,35.679700,-0.643167
322,CEM Cherfaoui,320,2,30,35.679930,-0.643568
323,La Poste Mdina Jadida,325,1,30,35.694620,-0.650594
324,La Poste Mdina Jadida,322,2,30,35.694600,-0.650832
338,Agence Bahia,339,0,26,35.679920,-0.613133
339,Cité Djamel,341,1,26,35.696812,-0.602833
340,Cité Djamel,338,2,26,35.697011,-0.602605
341,Faculté de Médecine,343,1,26,35.695610,-0.578563
342,Faculté de Médecine,340,2,26,35.695810,-0.578375
343,Hai Sabah,345,1,26,35.695721,-0.572587
344,Hai Sabah,342,2,26,35.695910,-0.572887
363,saint-antoine,365,1,24,35.694769,-0.653185
364,saint-antoine,362,2,24,35.694764,-0.653117
365,La Glacière,367,1,24,35.675841,-0.661805
366,La Glacière,364,2,24,35.676163,-0.661995
367,Cité Yaghmoracen,369,1,24,35.668952,-0.659043
368,Cité Yaghmorasen,366,2,24,35.669086,-0.658914
369,Hopital Ain El Beida,371,1,24,35.669031,-0.664209
370,Hopital Ain El Beida,368,2,24,35.669231,-0.663984
371,Cimetière Ain El Beida,373,1,24,35.663297,-0.666163
372,Cimetière Ain El Beida,370,2,24,35.663410,-0.665962
373,AADL Ain El Beida ,372,0,24,35.655713,-0.656676
376,Agence Bahia,377,0,34,35.680312,-0.613776
377,Cité Emir Abdelkader,379,1,34,35.672210,-0.628995
378,Cité Emir Abdelkader,376,2,34,35.672110,-0.628190
379,Stade Ahmed Zabana,381,1,34,35.682100,-0.637078
380,Stade Ahmed Zabana,378,2,34,35.682200,-0.637212
381,El Hamri,383,1,34,35.686231,-0.640732
382,El Hamri,380,2,34,35.686221,-0.640864
383,Jardin Public de Mdina Jadida,385,1,34,35.689200,-0.643338
384,Jardin Public de Mdina Jadida,382,2,34,35.689100,-0.643397
385,Place Roux,387,1,34,35.693400,-0.645366
386,Place Roux,384,2,34,35.693030,-0.645144
392,Palais Des sports,393,0,6,35.689930,-0.646396
393,Casoran CNAS,395,1,6,35.693710,-0.631970
394,Casoran CNAS,392,2,6,35.693500,-0.631566
395,Bastie,397,1,6,35.688500,-0.622617
396,Bastie,394,2,6,35.689000,-0.623283
397,Victor Hugo,399,1,6,35.686211,-0.618409
398,Victor Hugo,396,2,6,35.686200,-0.618414
399,Station service naftal (petit lac),401,1,6,35.684300,-0.614969
400,Station service naftal (petit lac),398,2,6,35.684220,-0.614647
401,Station service hai fellaoucen,403,1,6,35.683420,-0.604888
402,Station service hai fellaoucen,400,2,6,35.683421,-0.604692
403,El Barki,405,1,6,35.679940,-0.601873
404,El Barki,402,2,6,35.680000,-0.601853
405,Saint-Remy,407,1,6,35.669476,-0.567445
406,Saint-Remy,404,2,6,35.669361,-0.566984
407,Chtaibou,406,0,6,35.646129,-0.571182
410,Hai Benarba (Rocher),786,0,29,35.649200,-0.710240
411,Les Amandiers,788,1,29,35.675300,-0.676575
412,Les Amandiers,787,2,29,35.675620,-0.677708
413,Maraval look,415,1,29,35.665900,-0.646936
414,Maraval look,789,2,29,35.666000,-0.646893
415,Rond point E.N.C.P,417,1,29,35.668600,-0.635441
416,Rond point E.N.C.P,414,2,29,35.668300,-0.637414
417,Cité Emir Abdelkader,419,1,29,35.672000,-0.628172
418,Cité Emir Abdelkader,416,2,29,35.671800,-0.629307
419,Agence Bahia,421,1,29,35.680210,-0.613269
420,Agence Bahia,418,2,29,35.680120,-0.613943
421,Cité Djamel,423,1,29,35.696814,-0.602981
422,Cité Djamel,420,2,29,35.697012,-0.602742
423,Hopital lusto,425,1,29,35.696320,-0.582709
424,Hopital lusto,422,2,29,35.696610,-0.582891
425,Faculté de Médecine,427,1,29,35.695310,-0.577700
426,Faculté de Médecine,424,2,29,35.695820,-0.578230
427,Hai Sabah,429,1,29,35.695620,-0.572621
428,Hai Sabah,426,2,29,35.695510,-0.573294
440,Palais Des sports,441,0,23,35.689620,-0.648039
441,Chakouri,443,1,23,35.690400,-0.642411
442,Chakouri,440,2,23,35.690700,-0.642212
443,Plateau,445,1,23,35.692830,-0.635733
444,Plateau,442,2,23,35.693200,-0.636029
445,Casoran CNAS,447,1,23,35.694721,-0.631202
446,Casoran CNAS,444,2,23,35.695002,-0.631471
447,idaa,449,1,23,35.696230,-0.630739
448,idaa,446,2,23,35.696525,-0.631034
449,Les Castors,784,1,23,35.692368,-0.618448
450,Les Castors,448,2,23,35.692014,-0.619036
451,Cité Djamel,453,1,23,35.696815,-0.602827
452,Cité Djamel,785,2,23,35.697000,-0.605520
453,Hopital lusto,455,1,23,35.696321,-0.582789
454,Hopital lusto,452,2,23,35.696500,-0.583250
455,Faculté de Médecine,457,1,23,35.695300,-0.577698
456,Faculté de Médecine,454,2,23,35.695621,-0.577741
457,Hai Sabah,459,1,23,35.693700,-0.573477
458,Hai Sabah,456,2,23,35.695000,-0.576102
459,Sidi Maarouf,461,1,23,35.687900,-0.556148
460,Sidi Maarouf,458,2,23,35.688200,-0.556406
461,Hassi Bounif,460,0,23,35.694561,-0.500055
467,Saint-Antoine,469,1,25,35.694763,-0.653117
468,Saint-Antoine,466,2,25,35.694810,-0.653172
469,La poste,471,1,25,35.690210,-0.656948
470,La poste,468,2,25,35.690200,-0.656911
471,Toro,473,1,25,35.686120,-0.666987
472,Toro,470,2,25,35.685763,-0.667316
473,Les Amandiers (Stade Bouakeul ),475,1,25,35.679610,-0.674369
474,Les Amandiers (Stade Bouakeul ),472,2,25,35.679510,-0.674318
475,Mairie les Amandiers,479,1,25,35.674100,-0.679271
478,Mairie les Amandiers,474,2,25,35.674110,-0.678970
479,El Hassi,478,0,25,35.659700,-0.695581
482,El Hamri,483,0,33,35.690900,-0.640663
483,Chakouri,485,1,33,35.690010,-0.641757
484,Chakouri,482,2,33,35.690000,-0.641756
485,Plateau,487,1,33,35.692831,-0.635777
486,Plateau,484,2,33,35.693000,-0.635592
487,Casoran CNAS,490,1,33,35.694720,-0.631198
488,Casoran CNAS,486,2,33,35.694820,-0.631520
490,idaa,492,1,33,35.696413,-0.630723
491,idaa,488,2,33,35.696400,-0.631074
516,Saint-Antoine,518,1,21,35.694765,-0.653117
517,Saint-Antoine,515,2,21,35.694821,-0.653172
518,Toro,520,1,21,35.686100,-0.666986
519,Toro,517,2,21,35.685714,-0.667361
520,Les Amandiers (Stade Bouakeul ),522,1,21,35.679600,-0.674370
521,Les Amandiers (Stade Bouakeul ),519,2,21,35.679520,-0.674320
522,Mairie les Amandiers,524,1,21,35.674120,-0.679272
523,Mairie les Amandiers,521,2,21,35.674130,-0.678969
524,Coca,523,0,21,35.667410,-0.691338
528,Musée Ahmad Zabana,530,1,28,35.695800,-0.645576
529,Musée Ahmad Zabana,527,2,28,35.695920,-0.645512
530,Place Roux,532,1,28,35.692710,-0.644978
531,Place Roux,529,2,28,35.692700,-0.644839
532,El Hamri,534,1,28,35.684510,-0.639382
533,El Hamri,531,2,28,35.684500,-0.639302
534,Ritaj Mall,536,1,28,35.675100,-0.631478
535,Ritaj Mall,533,2,28,35.675200,-0.631406
536,Cité Emir Abdelkader,538,1,28,35.672700,-0.629582
537,Cité Emir Abdelkader,535,2,28,35.672200,-0.628980
538,Agence Bahia,540,1,28,35.680221,-0.613298
539,Agence Bahia,537,2,28,35.680310,-0.613767
540,Mosquée Emir Abdelkader,542,1,28,35.679900,-0.602143
541,Mosquée Emir Abdelkader,539,2,28,35.679910,-0.602105
542,Faculté de Médecine,544,1,28,35.695600,-0.578554
543,Faculté de Médecine,541,2,28,35.695900,-0.578492
544,Hai Sabah,546,1,28,35.695700,-0.572584
545,Hai Sabah,543,2,28,35.695500,-0.573301
546,Hai El Yasmine,548,1,28,35.698700,-0.567663
552,Palais Des Sports,554,0,5,35.689600,-0.646526
554,Chakouri,556,1,5,35.690500,-0.641674
555,Chakouri,552,2,5,35.690810,-0.641835
556,Plateau,558,1,5,35.692800,-0.635791
557,Plateau,555,2,5,35.693158,-0.635955
558,Casoran CNAS,560,1,5,35.694700,-0.631185
559,Casoran CNAS,557,2,5,35.694800,-0.631515
560,idaa,562,1,5,35.696221,-0.630745
561,idaa,559,2,5,35.696200,-0.631110
580,Gare Routière Sidi Maarouf,581,0,36,35.690800,-0.568841
581,Hai Sabah,582,1,36,35.696621,-0.571863
589,Mosquée Ibn Badis,590,1,36,35.696916,-0.606091
590,Les Castors,591,1,36,35.697110,-0.613238
591,Maalem Bentayeb,592,1,36,35.698110,-0.617940
593,Boulevard Colonel A Benabderezzak,594,1,36,35.698810,-0.629949
594,Gare sntf,595,1,36,35.698610,-0.631730
598,Houha Tlemcen,599,1,36,35.697310,-0.651474
599,Mdina Jadida,600,1,36,35.693720,-0.650414
600,Dar El Hayat,601,1,36,35.689921,-0.648956
601,Palais Des Sports,602,1,36,35.686910,-0.647687
602,Sureté de la Wilaya -BD ANP,603,1,36,35.683300,-0.645556
603,CEM Cherfaoui,604,1,36,35.679830,-0.643422
604,Jardin Othmania,605,1,36,35.676200,-0.641140
605,Lycé les Palmiers,606,1,36,35.671300,-0.638162
606,Cité Volontaire ENSET,607,1,36,35.665600,-0.634689
607,Université IGMO,608,1,36,35.661482,-0.632086
608,Moulay Abdelkader,609,1,36,35.654910,-0.628167
609,Es Senia Centre,610,1,36,35.650000,-0.625213
610,Es Senia Sud,611,1,36,35.646110,-0.621715
611,Es Senia - Terminus,644,0,36,35.642410,-0.617189
613,Hai Sabah,580,2,36,35.696600,-0.571902
621,Mosquée Ibn Badis,620,2,36,35.696900,-0.606077
622,Les Castors,621,2,36,35.697100,-0.613236
623,Maalem Bentayeb,622,2,36,35.698100,-0.617943
625,Boulevard Colonel A Benabderezzak,624,2,36,35.698800,-0.629947
628,Gare sntf,625,2,36,35.698600,-0.631761
632,Houha Tlemcen,631,2,36,35.697300,-0.651474
633,Mdina Jadida,632,2,36,35.693730,-0.650421
634,Dar El Hayat,633,2,36,35.689900,-0.648955
635,Palais Des Sports,634,2,36,35.686900,-0.647697
636,Sureté de la Wilaya -BD ANP,635,2,36,35.683400,-0.645595
637,CEM Cherfaoui,636,2,36,35.679800,-0.643421
638,Jardin Othmania,637,2,36,35.676100,-0.641139
639,Lycé les Palmiers,638,2,36,35.671200,-0.638164
640,Cité Volontaire ENSET,639,2,36,35.665835,-0.634870
641,Université IGMO,640,2,36,35.661481,-0.632085
642,Moulay Abdelkader,641,2,36,35.654900,-0.628173
643,Es Senia Centre,642,2,36,35.650100,-0.625260
644,Es Senia Sud,643,2,36,35.646100,-0.621710
646,Les Amandiers (Stade Bouakel),3,1,3,35.679500,-0.674487
647,Les Amandiers (Stade Bouakel),1,2,3,35.679400,-0.674533
648,La Glacière,5,1,3,35.675800,-0.661827
649,La Glacière,4,2,3,35.676000,-0.661767
754,Stade Ahmed Zabana,756,1,16,35.681461,-0.636593
755,Stade Ahmed zabana,188,2,16,35.681632,-0.636602
756,Cité Emir Abdelkader,189,1,16,35.672088,-0.628091
757,Cité Emir Abdelkader,755,2,16,35.672321,-0.629129
784,Rond-Point Dar El Bayda,451,1,23,35.696300,-0.614006
785,Rond-Point Dar El Bayda,450,2,23,35.696000,-0.614511
786,Hai Bouamama (grava),411,1,29,35.663579,-0.684105
787,Hai Bouamama (grava),410,2,29,35.662832,-0.685041
788,Cité Yaghmoracen,413,1,29,35.668159,-0.660293
789,Cité Yaghmoracen,412,2,29,35.668429,-0.660381
802,Stade Ahmed Zabana,80,1,1,35.681387,-0.636547
803,Stade Ahmed zabana,79,2,1,35.681611,-0.636609
527,Lycé El Hayat,528,0,28,35.698900,-0.646996
295,Lycé El Hayat,294,0,27,35.699110,-0.647301
592,Les Freres Moulay,593,1,36,35.699112,-0.625699
624,Les Freres Moulay,623,2,36,35.699100,-0.625602
588,Palais de Justice,589,1,36,35.699210,-0.602076
620,Palais de Justice,619,2,36,35.699200,-0.602124
547,Hai El Yasmine,545,2,28,35.699313,-0.568689
595,Emir Abd el Kader,596,1,36,35.700401,-0.645275
629,Emir Abd el Kader,628,2,36,35.700400,-0.645275
102,La Wilaya,104,1,9,35.700601,-0.630097
597,Place Mokrani,598,1,36,35.700602,-0.650278
631,Place Mokrani,630,2,36,35.700600,-0.650306
103,La Wilaya,101,2,9,35.700800,-0.630357
155,Place Valero,656,0,13,35.701102,-0.650205
169,Place Valero,170,0,15,35.701100,-0.650215
465,Place Valero,467,1,25,35.701100,-0.650190
466,Place Valero,464,2,25,35.701100,-0.650190
514,Place Valero,516,1,21,35.701100,-0.650190
515,Place Valero,513,2,21,35.701100,-0.650190
325,Place Valero,324,0,30,35.701300,-0.650270
112,Clinique Nekache,114,1,9,35.701900,-0.596152
587,Carrefour les 3 Cliniques,588,1,36,35.701900,-0.596238
619,Carrefour les 3 Cliniques,618,2,36,35.701900,-0.596257
668,Clinique Nekache,670,1,15,35.701900,-0.596152
673,Hai El Yasmine,182,2,15,35.701950,-0.575839
113,Clinique Nekache,111,2,9,35.702000,-0.596165
114,Hopital lusto,116,1,9,35.702000,-0.584892
586,Cité USTO,587,1,36,35.702000,-0.589586
669,Clinique Nekache,180,2,15,35.702000,-0.596165
670,Hopital lusto,181,1,15,35.702000,-0.584892
115,Hopital lusto,113,2,9,35.702100,-0.586228
671,Hopital lusto,669,2,15,35.702100,-0.586228
585,Hopital 1er Novembre,586,1,36,35.702200,-0.583630
617,Hopital 1er Novembre,616,2,36,35.702200,-0.583635
618,Cité USTO,617,2,36,35.702200,-0.583635
492,La wilaya,494,1,33,35.702500,-0.628085
61,La wilaya,59,2,8,35.702600,-0.627828
493,La wilaya,491,2,33,35.702600,-0.628155
361,Place d'armes,363,1,24,35.702665,-0.649777
388,Place d'armes,386,2,34,35.702684,-0.649747
60,La wilaya,62,1,8,35.702700,-0.627917
24,Soda Ruche,650,1,3,35.702900,-0.610701
25,Soda Ruche,23,2,3,35.703000,-0.610811
170,Place victoire,172,1,15,35.703000,-0.637067
656,Place Victoire,156,1,13,35.703023,-0.636937
657,Place Victoire,155,2,13,35.703082,-0.637242
171,Place victoire,169,2,15,35.703100,-0.637120
430,Hai El Yasmine,428,2,29,35.703100,-0.569657
362,Place d'armes,360,2,24,35.703120,-0.648749
672,Hai El Yasmine,183,1,15,35.703120,-0.569664
271,Clinique Nekache,273,1,22,35.703200,-0.597214
758,Clinique Nekache,760,1,16,35.703200,-0.597214
272,Clinique Nekache,270,2,22,35.703300,-0.597313
429,Hai El Yasmine,790,1,29,35.703300,-0.569568
759,Clinique Nekache,192,2,16,35.703300,-0.597313
387,Place d'armes,389,1,34,35.703387,-0.648675
582,Hai El Yasmine,583,1,36,35.703400,-0.569954
614,Hai El Yasmine,613,2,36,35.703400,-0.569954
464,Place d'armes,465,0,25,35.703600,-0.648910
513,Place d'armes,514,0,21,35.703600,-0.648910
596,Place 1er November,597,1,36,35.703600,-0.648994
630,Place 1er November,629,2,36,35.703600,-0.648988
549,Hai El Nor,547,2,28,35.703800,-0.564229
117,Université USTO,115,2,9,35.703900,-0.577847
548,Hai El Nor,550,1,28,35.703900,-0.564007
794,Université USTO,275,1,22,35.703913,-0.577641
795,Université USTO,793,2,22,35.703946,-0.577129
116,Université USTO,118,1,9,35.704000,-0.576916
181,Université USTO,672,1,15,35.704000,-0.577019
790,Université USTO,431,1,29,35.704051,-0.576907
791,Université USTO,430,2,29,35.704051,-0.576907
182,Université USTO,671,2,15,35.704300,-0.576949
584,Université USTO,585,1,36,35.704400,-0.576902
616,Université USTO,615,2,36,35.704400,-0.576885
389,Place Keber,388,0,34,35.704722,-0.652329
360,Place Kéber,361,0,24,35.704732,-0.652327
198,Lycé Lotfi,199,0,17,35.705110,-0.630448
156,Lycé Lotfi,658,1,13,35.705200,-0.630309
157,Lycé Lotfi,657,2,13,35.705222,-0.630610
172,Lycé Lotfi,662,1,15,35.705221,-0.630281
173,Lycé Lotfi,171,2,15,35.705220,-0.630490
650,Terbiaa,26,1,3,35.705210,-0.609948
50,Terbiaa,52,1,8,35.705300,-0.610105
108,Terbiaa,654,1,9,35.705312,-0.610105
347,Hasnaoui,349,1,26,35.705321,-0.556187
651,Terbiaa,25,2,3,35.705320,-0.610110
666,Terbiaa,176,1,15,35.705310,-0.610106
51,Terbiaa,49,2,8,35.705500,-0.610900
109,Terbiaa,107,2,9,35.705510,-0.610920
667,Terbiaa,665,2,15,35.705520,-0.610910
348,Hasnaoui,346,2,26,35.705600,-0.555983
550,Hasnaoui,549,0,28,35.705610,-0.556781
176,HLM,179,1,15,35.705700,-0.604637
49,HLM,47,2,8,35.705800,-0.604612
654,HLM,110,1,9,35.705810,-0.604629
48,HLM,50,1,8,35.705900,-0.604236
58,Max Marchand,60,1,8,35.705911,-0.624041
178,HLM,667,2,15,35.705921,-0.604225
583,USTO-Pepiniaire,584,1,36,35.705930,-0.573664
615,USTO-Pepiniaire,614,2,36,35.705920,-0.573699
655,HLM,109,2,9,35.705910,-0.604244
59,Max Marchand,57,2,8,35.706100,-0.623913
53,Kavgui,51,2,8,35.706400,-0.612873
107,Kavgui,105,2,9,35.706420,-0.612875
665,Kavgui,175,2,15,35.706410,-0.612874
658,Max Marchand,158,1,13,35.706416,-0.623672
662,Max Marchand,174,1,15,35.706417,-0.623673
52,Kavgui,54,1,8,35.706500,-0.612966
106,Kavgui,108,1,9,35.706520,-0.612968
664,Kavgui,666,1,15,35.706510,-0.612967
27,HLM,651,2,3,35.706700,-0.605419
345,Bureau De Poste Hai En-Nour,347,1,26,35.706710,-0.564337
104,Gambetta,106,1,9,35.706800,-0.620619
26,HLM,28,1,3,35.706900,-0.605112
56,Gambetta,58,1,8,35.706940,-0.620661
57,Gambetta,55,2,8,35.706930,-0.619983
105,Gambetta,103,2,9,35.706920,-0.620705
346,Bureau De Poste Hai En-Nour,344,2,26,35.706910,-0.564629
273,Morchid,792,1,22,35.707000,-0.593625
274,Morchid,272,2,22,35.707100,-0.593586
47,El Morchid,45,2,8,35.707200,-0.597243
110,El Morchid,112,1,9,35.707222,-0.597278
111,El Morchid,655,2,9,35.707221,-0.597778
179,El Morchid,668,1,15,35.707230,-0.597257
180,El Morchid,178,2,15,35.707220,-0.597772
275,Usto,795,0,22,35.707210,-0.592486
659,Max Marchand,157,2,13,35.707297,-0.623278
663,Max Marchand,173,2,15,35.707298,-0.623279
46,El Morchid,48,1,8,35.707300,-0.597388
54,Gambetta(marché),56,1,8,35.707340,-0.617148
55,Gambetta(marché),53,2,8,35.707330,-0.617306
174,Gambetta,664,1,15,35.707320,-0.617256
175,Gambetta,663,2,15,35.707400,-0.617103
158,Gambetta,160,1,13,35.707700,-0.620941
761,El Morchid,759,2,16,35.707779,-0.596629
760,El Morchid,774,1,16,35.707807,-0.594831
159,Gambetta,659,2,13,35.707942,-0.621247
201,Hai Seddikia,203,1,17,35.712600,-0.600428
566,Hai Seddikia,568,1,5,35.712610,-0.600431
661,CNEP Seddikia,161,2,13,35.712699,-0.603181
28,Hai seddikia,27,0,3,35.712720,-0.600350
162,Hai Seddikia,164,1,13,35.712700,-0.600305
567,Hai Seddikia,565,2,5,35.712710,-0.600493
163,Hai Seddikia,661,2,13,35.712800,-0.600375
202,Hai Seddikia,200,2,17,35.712820,-0.600365
564,CNEP Seddikia,566,1,5,35.712810,-0.603145
565,CNEP Seddikia,563,2,5,35.712821,-0.602990
793,Pépinaire,274,2,22,35.712885,-0.577758
660,CNEP Seddikia,162,1,13,35.712891,-0.603187
496,CNEP Seddikia,498,1,33,35.712900,-0.603121
497,CNEP Seddikia,495,2,33,35.712910,-0.603096
792,Pépinaire,794,1,22,35.713021,-0.577348
432,Pépinaire,791,2,29,35.713100,-0.576765
431,Pépinaire,433,1,29,35.713300,-0.576676
160,Lycé Hamou Boutlelis,660,1,13,35.713400,-0.614292
199,Lycé Hamou Boutlelis,201,1,17,35.713411,-0.614288
562,Lycé Hamou Boutlelis,564,1,5,35.713410,-0.614444
161,Lycé Hamou Boutlelis,159,2,13,35.713500,-0.614244
200,Lycé Hamou Boutlelis,198,2,17,35.713510,-0.614197
563,Lycé Hamou Boutlelis,561,2,5,35.713600,-0.614286
774,Pépinaire,776,1,16,35.713675,-0.577795
45,Pépinaire,43,2,8,35.713700,-0.578831
775,Pépinaire,761,2,16,35.713819,-0.578967
494,Lycé Hamou Boutlelis,496,1,33,35.714100,-0.612168
495,Lycé Hamou Boutlelis,493,2,33,35.714110,-0.611989
44,Pépinaire,46,1,8,35.714600,-0.575910
203,Jardin Belle Vue,205,1,17,35.719300,-0.599871
204,Jardin Belle Vue,202,2,17,35.719611,-0.600015
499,Jardin Belle vue,497,2,33,35.719600,-0.600045
569,Jardin Belle vue,567,2,5,35.719610,-0.600054
433,Millénium ,435,1,29,35.719700,-0.582465
434,Millénium ,432,2,29,35.719720,-0.582670
498,Jardin Belle vue,500,1,33,35.719800,-0.599592
568,Jardin Belle vue,570,1,5,35.719710,-0.599700
328,Dispensaire Bir El Djir,329,0,31,35.721000,-0.566925
205,Akid Lotfi,207,1,17,35.720427,-0.595767
500,Akid lotfi,502,1,33,35.722800,-0.592324
501,Akid lotfi,499,2,33,35.723060,-0.592856
206,Akid Lotfi,204,2,17,35.723973,-0.592948
330,Millénium ,328,2,31,35.725700,-0.571495
329,Millénium ,331,1,31,35.726300,-0.571669
801,Millénium ,41,2,8,35.727497,-0.562208
778,Millénium ,780,1,16,35.727583,-0.562464
779,Millénium ,777,2,16,35.727613,-0.562316
800,Millénium ,42,1,8,35.727654,-0.562574
43,DAIRA Bir El Djir,801,2,8,35.728100,-0.567560
164,DAIRA Bir El Djir,166,1,13,35.728300,-0.567380
776,DAIRA Bir El Djir,778,1,16,35.728135,-0.567377
42,DAIRA Bir El Djir,44,1,8,35.728200,-0.567421
165,DAIRA Bir El Djir,163,2,13,35.728310,-0.567414
777,DAIRA Bir El Djir,775,2,16,35.728228,-0.567345
166,Millénium ,165,0,13,35.728700,-0.558158
207,Palais D'or,209,1,17,35.729376,-0.585157
570,Palais D'or,572,1,5,35.729400,-0.585083
571,Palais D'or,569,2,5,35.729500,-0.585296
208,Palais D'or,206,2,17,35.729887,-0.584826
780,Stade Oran,193,1,16,35.729958,-0.554778
349,Stade Oran,351,1,26,35.730000,-0.554298
436,Palais D'or,434,2,29,35.731000,-0.584675
781,Stade Oran,779,2,16,35.730047,-0.555135
350,Stade Oran,348,2,26,35.730300,-0.554211
435,Palais D'or,437,1,29,35.731500,-0.582203
352,Université belgaid,350,2,26,35.733800,-0.544288
40,Université belgaid,800,1,8,35.733840,-0.544256
351,Université belgaid,353,1,26,35.734000,-0.542815
41,Université belgaid,799,2,8,35.734165,-0.542775
209,Station service naftal (bouchikhi),211,1,17,35.734418,-0.578493
332,Station service naftal (bouchikhi),330,2,31,35.734500,-0.577881
572,Station service naftal (bouchikhi),574,1,5,35.734510,-0.578388
573,Station service naftal (bouchikhi),571,2,5,35.734520,-0.578610
210,Station service naftal (bouchikhi),208,2,17,35.734533,-0.578613
331,Station service naftal (bouchikhi),333,1,31,35.734600,-0.577918
333,Hopital pédiatrique de Canastel,335,1,31,35.737600,-0.572581
334,Hopital pédiatrique de Canastel,332,2,31,35.737900,-0.572495
575,Hopital pédiatrique de Canastel,573,2,5,35.737928,-0.572419
212,Hopital pédiatrique de Canastel,210,2,17,35.737930,-0.572422
502,Hopital pédiatrique de Canastel,504,1,33,35.738400,-0.571428
574,Hopital pédiatrique de Canastel,576,1,5,35.738414,-0.571463
211,Hopital pédiatrique de Canastel,213,1,17,35.738445,-0.571371
503,Hopital pédiatrique de Canastel,501,2,33,35.738500,-0.571637
335,Université belgaid,334,0,31,35.739200,-0.538855
213,Université belgaid,212,0,17,35.739280,-0.538811
193,Université belgaid,782,1,16,35.739325,-0.538780
194,Université belgaid,781,2,16,35.739649,-0.539062
437,Canastel,436,0,29,35.740600,-0.568056
353,Masdjid Machaa-Allah,355,1,26,35.741100,-0.541483
799,Masdjid Machaa-Allah,797,2,8,35.741179,-0.541407
798,Masdjid Machaa-Allah,40,1,8,35.741395,-0.541273
354,Masdjid Machaa-Allah,352,2,26,35.741400,-0.541293
356,BRI,354,2,26,35.748700,-0.541424
508,BRI,510,1,33,35.748900,-0.541190
783,BRI,194,2,16,35.748953,-0.541465
782,BRI,195,1,16,35.748975,-0.541145
797,BRI,38,2,8,35.748986,-0.541161
355,BRI,357,1,26,35.749000,-0.541144
796,BRI,798,1,8,35.749060,-0.541290
509,BRI,507,2,33,35.749200,-0.541131
504,Mairie Bir el Djir,506,1,33,35.750200,-0.552183
505,Mairie Bir el Djir,503,2,33,35.750300,-0.551990
576,Mairie Bir el Djir,578,1,5,35.750581,-0.551943
577,Mairie Bir el Djir,575,2,5,35.750900,-0.551839
507,Cimetière belgaid,505,2,33,35.751800,-0.536953
506,Cimetière belgaid,508,1,33,35.751900,-0.536293
357,Cité 4400 longement Belgaid,356,0,26,35.753200,-0.532931
510,Cité 4400 longement Belgaid,509,0,33,35.753400,-0.532875
38,Cité 4400 logement Belgaid,796,0,8,35.753334,-0.532940
195,Cité 4400 longement Belgaid,783,0,16,35.753340,-0.532934
578,Belgaid,577,0,5,35.757200,-0.538142
